<?xml version="1.0" encoding="UTF-8" standalone="yes"?>
<addon id="repository.bigfoot" name="Bigfoot Repo" version="0.0.1" provider-name="Bigfoot">
	<extension point="xbmc.addon.repository" name="Bigfoot Repo">
		<dir>
			<info compressed="false">https://raw.githubusercontent.com/noobsandnerds/modules4all/master/zips/addons.xml</info>
			<checksum>https://raw.githubusercontent.com/noobsandnerds/modules4all/master/zips/addons.xml.md5</checksum>
			<datadir zip="true">https://raw.githubusercontent.com/noobsandnerds/modules4all/master/zips/</datadir>
		</dir>
		<info compressed="false">https://raw.githubusercontent.com/oswalt0/repository.bigfoot/master/zips/addons.xml</info>
		<checksum>https://raw.githubusercontent.com/oswalt0/repository.bigfoot/master/zips/addons.xml.md5</checksum>
		<datadir zip="true">https://raw.githubusercontent.com/oswalt0/repository.bigfoot/master/zips/</datadir>
	</extension>
	<extension point="xbmc.addon.metadata">
		<summary lang="en">The offical repo for Bigfoot</summary>
		<description lang="en">Full repository description.</description>
		<genre>movies,tvshows,usa</genre>
	</extension>
</addon>